"6","148.12","1"
"389","0.15","1"
"516","46.27","1"
"520","91.18","1"
"523","1322.25","1"
"594","3.73","1"
"603","8.18","1"
"608","387.68","1"
"614","674.40","1"
"616","1219.47","1"
"618","784.50","1"
"659","1337.60","1"
"666","335.73","1"
"691","499.52","1"
"698","35.98","1"
"699","222.48","1"
"702","98.52","1"
"709","2.30","1"
"772","4160.58","1"
"778","201.60","1"
"782","33.92","1"
"792","3391.73","1"
"800","482.23","1"
"801","6066.00","1"
"804","514.07","1"
"805","48.47","1"
"810","190.17","1"
"829","151.35","1"
"830","0.35","1"
"832","358.18","1"
"838","856.10","1"
"840","1122.13","1"
"841","1623.63","1"
"842","289.58","1"
"851","375.37","1"
"854","6.85","1"
"862","1145.65","1"
"863","624.93","1"
"865","1038.43","1"
"869","175.87","1"
"870","510.95","1"
"872","6.72","1"
"875","401.93","1"
"876","2.13","1"
"882","1080.68","1"
"893","370.12","1"
"894","0.07","1"
"900","283.32","1"
"903","141.35","1"
"908","2278.93","1"
"911","917.42","1"
"916","339.07","1"
"917","5.67","1"
"928","99.05","1"
"930","159.52","1"
"933","717.52","1"
"936","379.87","1"
"956","1.92","1"
"959","12.30","1"
"961","326.13","1"
"965","1125.80","1"
"969","642.40","1"
"973","43.70","1"
"977","0.60","1"
"982","38.85","1"
"985","57.78","1"
"986","0.07","1"
"987","149.60","1"
"988","509.07","1"
"991","1640.47","1"
"994","280.97","1"
"998","6.63","1"
"999","502.13","1"
"1002","1394.52","1"
"1006","16.33","1"
"1008","473.00","1"
"1010","4.93","1"
"1014","191.83","1"
"1015","1026.30","1"
"1016","76.33","1"
"1018","171.12","1"
"1019","65.08","1"
"1029","62.65","1"
"1033","0.05","1"
"1034","107.75","1"
"1035","1449.77","1"
"1040","0.08","1"
"1042","403.88","1"
"1045","82.25","1"
"1046","2305.95","1"
"1052","34.33","1"
"1056","25.33","1"
"1057","1075.13","1"
"1063","1867.33","1"
"1064","93.93","1"
"1066","375.32","1"
"1073","5.03","1"
"1081","453.35","1"
"1085","82.97","1"
"1086","894.85","1"
"1091","46.45","1"
"1099","0.28","1"
"1102","1255.12","1"
"1105","2.90","1"
"1116","0.12","1"
"1119","73.25","1"
"1125","11.38","1"
"1127","433.43","1"
"1128","1002.52","1"
"1132","139.87","1"
"1140","137.60","1"
"1143","21.02","1"
"1145","657.35","1"
"1155","9.13","1"
"1158","4.58","1"
"1159","30.78","1"
"1165","40.68","1"
"1166","338.82","1"
"1169","49.65","1"
"1173","487.40","1"
"1175","35.25","1"
"1183","1379.85","1"
"1187","63.40","1"
"1188","48.42","1"
"1190","124.13","1"
"1196","119.23","1"
"1197","1758.28","1"
"1200","329.40","1"
"1201","207.78","1"
"1207","184.10","1"
"1209","6.47","1"
"1210","4.40","1"
"1212","42.02","1"
"1214","36.08","1"
"1215","1545.75","1"
"1216","0.18","1"
"1224","19.88","1"
"1226","12.83","1"
"1235","38.73","1"
"1238","50.80","1"
"1242","53.38","1"
"1244","26.03","1"
"1246","2003.80","1"
"1249","12.23","1"
"1253","0.15","1"
"1257","2.07","1"
"1259","759.92","1"
"1271","43.60","1"
"1272","234.00","1"
"1283","0.33","1"
"1284","586.48","1"
"1292","33.93","1"
"1294","1.75","1"
"1299","55.57","1"
"1306","804.62","1"
"1308","389.10","1"
"1313","0.55","1"
"1317","797.68","1"
"1323","60.50","1"
"1324","90.70","1"
"1327","160.47","1"
"1330","108.10","1"
"1331","101.38","1"
"1336","9.65","1"
"1347","29.93","1"
"1350","1694.00","1"
"1353","397.35","1"
"1355","250.47","1"
"1357","142.83","1"
"1363","765.77","1"
"1369","4.95","1"
"1373","6475.38","1"
"1374","219.42","1"
"1375","28.78","1"
"1379","3143.92","1"
"1382","17.48","1"
"1388","87.18","1"
"1389","66.67","1"
"1393","0.05","1"
"1397","3006.83","1"
"1404","29.73","1"
"1419","267.13","1"
"1424","136.80","1"
"1426","183.37","1"
"1428","339.83","1"
"1434","1714.27","1"
"1437","366.00","1"
"1456","3460.75","1"
"1459","95.22","1"
"1461","7.80","1"
"1463","7.25","1"
"1465","47.45","1"
"1468","99.57","1"
"1471","0.05","1"
"1473","48.87","1"
"1482","354.67","1"
"1491","2594.37","1"
"1498","32.62","1"
"1500","821.40","1"
"1501","850.03","1"
"1502","0.63","1"
"1504","1072.95","1"
"1513","272.30","1"
"1522","322.83","1"
"1531","2.70","1"
"1532","2.22","1"
"1535","831.20","1"
"1537","19.95","1"
"1538","193.27","1"
"1539","0.88","1"
"1542","2007.97","1"
"1544","26.70","1"
"1550","395.48","1"
"1553","83.15","1"
"1561","550.45","1"
"1563","5.27","1"
"1567","1286.92","1"
"1581","285.95","1"
"1587","93.92","1"
"1588","5.68","1"
"1595","102.67","1"
"1598","65.70","1"
"1600","33.55","1"
"1605","198.90","1"
"1606","5.58","1"
"1615","3.43","1"
"1633","13.15","1"
"1638","706.90","1"
"1641","1.87","1"
"1644","135.07","1"
"1649","3.95","1"
"1651","71.73","1"
"1652","1355.32","1"
"1653","247.07","1"
"1658","159.55","1"
"1667","23.18","1"
"1669","311.80","1"
"1678","563.53","1"
"1680","1.63","1"
"1683","1078.18","1"
"1686","0.13","1"
"1688","1814.30","1"
"1693","149.95","1"
"1695","385.35","1"
"1701","678.78","1"
"1702","1.10","1"
"1705","606.20","1"
"1710","18.63","1"
"1711","138.65","1"
"1713","86.83","1"
"1732","319.33","1"
"1733","230.23","1"
"1737","168.85","1"
"1739","109.30","1"
"1742","264.88","1"
"1745","119.62","1"
"1753","55.77","1"
"1754","516.18","1"
"1759","133.38","1"
"1765","432.42","1"
"1773","415.48","1"
"1776","1695.52","1"
"1778","1284.92","1"
"1780","0.65","1"
"1784","0.13","1"
"1790","1340.68","1"
"1792","89.05","1"
"1794","303.65","1"
"1795","139.98","1"
"1801","3.00","1"
"1802","0.50","1"
"1820","104.48","1"
"1823","1499.22","1"
"1825","487.42","1"
"1827","1.60","1"
"1835","1386.55","1"
"1841","23.65","1"
"1849","81.85","1"
"1852","806.20","1"
"1862","2.70","1"
"1863","156.52","1"
"1864","756.17","1"
"1866","1084.77","1"
"1867","6.07","1"
"1880","814.02","1"
"1881","130.05","1"
"1896","1058.63","1"
"1897","189.57","1"
"1898","308.87","1"
"1900","59.20","1"
"1902","133.83","1"
"1908","47.42","1"
"1909","244.73","1"
"1911","109.73","1"
"1914","326.40","1"
"1917","30.47","1"
"1918","395.67","1"
"1923","0.55","1"
"1932","51.77","1"
"1935","3.50","1"
"1938","326.12","1"
"1939","423.62","1"
"1945","23.15","1"
"1947","185.17","1"
"1950","231.78","1"
"1957","304.40","1"
"1959","259.47","1"
"1960","276.38","1"
"1977","1742.67","1"
"1993","144.38","1"
"1994","216.18","1"
"2003","1028.78","1"
"2010","85.78","1"
"2014","114.67","1"
"2018","377.00","1"
"2019","40.35","1"
"2022","115.37","1"
"2026","65.10","1"
"2051","161.57","1"
"2054","1562.08","1"
"2055","73.58","1"
"2056","55.85","1"
"2060","22.50","1"
"2064","232.02","1"
"2066","1085.98","1"
"2070","128.38","1"
"2073","467.53","1"
"2078","10.13","1"
"2079","4.47","1"
"2081","706.77","1"
"2084","89.80","1"
"2091","2655.62","1"
"2092","848.05","1"
"2093","496.12","1"
"2099","250.57","1"
"2104","44.12","1"
"2106","1.98","1"
"2108","304.30","1"
"2110","4.32","1"
"2112","3113.85","1"
"2113","43.52","1"
"2114","774.52","1"
"2118","554.62","1"
"2120","581.67","1"
"2130","92.05","1"
"2135","16.83","1"
"2136","1209.87","1"
"2149","604.18","1"
"2154","223.72","1"
"2157","4.47","1"
"2160","51.12","1"
"2162","114.65","1"
"2167","709.68","1"
"2170","3.30","1"
"2187","643.38","1"
"2188","868.42","1"
"2190","419.65","1"
"2195","432.78","1"
"2207","332.40","1"
"2213","38.28","1"
"2217","75.62","1"
"2218","1055.80","1"
"2222","12.60","1"
"2229","574.57","1"
"2231","131.42","1"
"2233","330.63","1"
"2236","27.48","1"
"2248","1780.48","1"
"2255","262.08","1"
"2256","41.97","1"
"2258","1085.82","1"
"2265","90.55","1"
"2266","91.38","1"
"2267","92.40","1"
"2274","372.50","1"
"2275","0.25","1"
"2278","0.67","1"
"2284","138.15","1"
"2290","220.47","1"
"2292","52.18","1"
"2295","52.10","1"
"2303","19.08","1"
"2304","195.35","1"
"2306","20.45","1"
"2308","1.70","1"
"2312","51.25","1"
"2318","3.58","1"
"2324","2078.42","1"
"2332","34.13","1"
"2335","36.38","1"
"2338","42.35","1"
"2339","182.27","1"
"2340","150.00","1"
"2351","18.75","1"
"2354","1848.67","1"
"2359","26.23","1"
"2362","125.08","1"
"2364","397.43","1"
"2375","59.80","1"
"2377","98.02","1"
"2385","378.20","1"
"2397","712.63","1"
"2398","368.95","1"
"2403","2.37","1"
"2406","36.00","1"
"2409","1706.30","1"
"2410","462.68","1"
"2414","219.82","1"
"2417","60.37","1"
"2429","16.12","1"
"2431","13.43","1"
"2437","72.22","1"
"2441","188.00","1"
"2447","574.28","1"
"2463","6.98","1"
"2493","3971.10","1"
"2501","145.05","1"
"2506","25.68","1"
"2516","72.40","1"
"2529","84.67","1"
"2534","0.70","1"
"2536","905.38","1"
"2544","31.40","1"
"2546","479.87","1"
"2550","9.62","1"
"2555","771.73","1"
"2575","77.85","1"
"2577","3.45","1"
"2591","1763.95","1"
"2617","158.37","1"
"2620","89.60","1"
"2621","221.12","1"
"2629","217.62","1"
"2630","90.05","1"
"2636","1599.57","1"
"2641","4.60","1"
"2642","148.72","1"
"2650","30.20","1"
"2651","57.92","1"
"2653","669.40","1"
"2655","162.00","1"
"2657","28.17","1"
"2661","5.18","1"
"2663","117.20","1"
"2671","10.38","1"
"2685","8.12","1"
"2688","483.80","1"
"2692","94.75","1"
"2698","42.17","1"
"2702","0.45","1"
"2706","918.18","1"
"2708","0.17","1"
"2710","17.15","1"
"2719","49.20","1"
"2723","189.87","1"
"2725","152.65","1"
"2726","6.58","1"
"2731","508.50","1"
"2734","202.70","1"
"2737","680.57","1"
"2738","0.28","1"
"2741","2.25","1"
"2743","11.23","1"
"2750","14.98","1"
"2754","901.28","1"
"2761","0.30","1"
"2764","39.22","1"
"2772","1272.78","1"
"2774","557.95","1"
"2793","79.28","1"
"2797","39.58","1"
"2803","182.38","1"
"2805","248.62","1"
"2811","3192.95","1"
"2813","17.35","1"
"2815","310.57","1"
"2819","27.05","1"
"2820","0.32","1"
"2821","351.25","1"
"2824","40.68","1"
"2825","1.17","1"
"2826","12.22","1"
"2827","1653.57","1"
"2830","1254.10","1"
"2831","40.18","1"
"2833","2.63","1"
"2839","290.97","1"
"2840","1.12","1"
"2843","19.63","1"
"2851","903.65","1"
"2859","798.50","1"
"2863","2.58","1"
"2866","1637.07","1"
"2877","518.52","1"
"2881","1.20","1"
"2887","570.58","1"
"2894","0.75","1"
"2899","2030.10","1"
"2911","4.05","1"
"2917","1045.40","1"
"2918","601.22","1"
"2920","11.40","1"
"2922","433.32","1"
"2925","15.30","1"
"2928","2.03","1"
"2929","639.03","1"
"2930","265.80","1"
"2933","45.95","1"
"2938","1444.78","1"
"2943","285.52","1"
"2945","54.92","1"
"2950","0.13","1"
"2954","479.12","1"
"2967","0.43","1"
"2973","71.97","1"
"2978","234.60","1"
"2986","520.97","1"
"3002","1377.88","1"
"3011","586.38","1"
"3016","24.17","1"
"3017","166.62","1"
"3022","507.85","1"
"3031","136.78","1"
"3034","2.18","1"
"3048","20.78","1"
"3050","27.88","1"
"3056","1.78","1"
"3062","42.23","1"
"3070","1406.58","1"
"3074","26.42","1"
"3080","248.97","1"
"3082","26.25","1"
"3090","41.80","1"
"3092","609.10","1"
"3099","83.88","1"
"3112","22.42","1"
"3115","72.75","1"
"3130","0.23","1"
"3138","26.58","1"
"3146","0.53","1"
"3147","23.58","1"
"3148","21.27","1"
"3161","114.78","1"
"3162","403.97","1"
"3187","76.87","1"
"3188","644.20","1"
"3199","15.88","1"
"3213","525.12","1"
"3215","177.32","1"
"3219","314.35","1"
"3221","93.63","1"
"3239","2335.58","1"
"3248","34.23","1"
"3266","5.95","1"
"3286","3.98","1"
"3288","186.98","1"
"3291","1379.47","1"
"3292","57.95","1"
"3297","67.98","1"
"3303","443.22","1"
"3305","308.40","1"
"3316","0.10","1"
"3338","1004.58","1"
"3359","279.32","1"
"3367","101.93","1"
"3379","0.35","1"
"3381","54.95","1"
"3393","10.17","1"
"3402","13.23","1"
"3406","16.73","1"
"3414","0.23","1"
"3416","0.15","1"
"3419","1.27","1"
"3420","548.48","1"
"3423","1082.13","1"
"3426","17.50","1"
"3430","1346.00","1"
"3441","45.70","1"
"3447","10.10","1"
"3453","295.82","1"
"3466","251.70","1"
"3467","17.23","1"
"3468","672.30","1"
"3470","20.23","1"
"3471","234.40","1"
"3473","35.80","1"
"3478","824.77","1"
"3481","33.55","1"
"3494","272.07","1"
"3498","1724.83","1"
"3511","7.48","1"
"3512","383.12","1"
"3513","238.78","1"
"3522","1.37","1"
"3524","233.42","1"
"3538","1083.85","1"
"3550","167.32","1"
"3558","155.68","1"
"3575","253.78","1"
"3577","329.90","1"
"3589","0.28","1"
"3598","167.42","1"
"3611","67.85","1"
"3613","1191.22","1"
"3626","824.05","1"
"3631","6.78","1"
"3641","192.55","1"
"3647","603.68","1"
"3652","20.87","1"
"3659","5.37","1"
"3661","31.27","1"
"3663","903.43","1"
"3675","3.88","1"
"3679","19.55","1"
"3681","136.90","1"
"3685","4.75","1"
"3687","779.38","1"
"3688","170.40","1"
"3691","86.68","1"
"3698","1650.93","1"
"3700","131.03","1"
"3702","73.38","1"
"3704","21.83","1"
"3707","662.27","1"
"3708","1.33","1"
"3709","1440.35","1"
"3712","47.85","1"
"3728","893.75","1"
"3750","51.82","1"
"3758","153.97","1"
"3774","1798.07","1"
"3779","592.30","1"
"3780","266.68","1"
"3781","1600.72","1"
"3785","362.23","1"
"3787","216.33","1"
"3797","306.82","1"
"3799","292.18","1"
"3809","7.32","1"
"3814","164.12","1"
"3815","210.95","1"
"3817","1170.82","1"
"3824","8.67","1"
"3832","258.30","1"
"3840","0.42","1"
"3850","405.58","1"
"3852","1012.12","1"
"3856","1211.95","1"
"3857","2.50","1"
"3860","266.45","1"
"3864","469.23","1"
"3865","227.70","1"
"3874","2.03","1"
"3875","517.63","1"
"3897","0.12","1"
"3908","13.32","1"
"3913","0.20","1"
"3914","8.58","1"
"3916","61.57","1"
"3920","0.07","1"
"3927","1393.07","1"
"3931","1.98","1"
"3934","98.72","1"
"3938","50.38","1"
"3943","247.38","1"
"3949","214.07","1"
"3965","9.58","1"
"3969","56.20","1"
"3977","109.32","1"
"3980","12.15","1"
"3982","0.05","1"
"3983","18.62","1"
"3984","727.47","1"
"3985","0.48","1"
"3987","104.27","1"
"4001","181.15","1"
"4003","0.05","1"
"4013","1200.62","1"
"4019","472.80","1"
"4034","1226.82","1"
"4035","26.28","1"
"4040","740.58","1"
"4043","548.02","1"
"4050","2023.55","1"
"4053","49.53","1"
"4054","99.58","1"
"4055","230.08","1"
"4059","163.53","1"
"4062","89.43","1"
"4078","0.90","1"
"4080","813.48","1"
"4104","251.62","1"
"4112","52.80","1"
"4132","502.37","1"
"4135","0.08","1"
"4143","76.60","1"
"4156","377.05","1"
"4158","19.97","1"
"4160","120.48","1"
"4162","16.72","1"
"4186","268.57","1"
"4194","30.23","1"
"4220","39.90","1"
"4230","262.80","1"
"4231","729.03","1"
"4241","29.05","1"
"4266","286.40","1"
"4294","51.43","1"
"4311","4.58","1"
"4320","38.85","1"
"4322","51.80","1"
"4337","1029.08","1"
"4347","34.98","1"
"4360","410.67","1"
"4363","55.52","1"
"4371","77.47","1"
"4376","255.72","1"
"4377","42.03","1"
"4381","15.08","1"
"4384","398.40","1"
"4393","117.22","1"
"4395","1.30","1"
"4400","1037.77","1"
"4402","324.80","1"
"4404","800.70","1"
"4413","833.65","1"
"4435","807.68","1"
"4450","0.35","1"
"4458","69.93","1"
"4464","33.90","1"
"4514","306.15","1"
"4515","87.05","1"
"4522","0.67","1"
"4537","474.87","1"
"4539","0.05","1"
"4544","49.55","1"
"4551","0.13","1"
"4553","0.12","1"
"4558","163.42","1"
"4566","4.18","1"
"4568","20.72","1"
"4574","36.10","1"
"4582","24.75","1"
"4585","635.97","1"
"4593","2.80","1"
"4595","869.15","1"
"4609","19.22","1"
"4613","130.83","1"
"4615","0.37","1"
"4617","1127.90","1"
"4621","1119.22","1"
"4629","2047.32","1"
"4640","586.80","1"
"4646","149.37","1"
"4685","372.40","1"
"4686","4.68","1"
"4692","106.05","1"
"4698","24.80","1"
"4706","304.38","1"
"4707","1308.05","1"
"4721","2416.65","1"
"4723","700.55","1"
"4739","3273.48","1"
"4743","18.35","1"
"4745","56.30","1"
"4751","0.25","1"
"4756","96.75","1"
"4778","36.95","1"
"4784","309.97","1"
"4790","411.30","1"
"4793","5.13","1"
"4795","267.83","1"
"4797","5.27","1"
"4801","360.80","1"
"4803","109.15","1"
"4827","10.38","1"
"4828","0.48","1"
"4829","1131.52","1"
"4837","408.75","1"
"4849","680.83","1"
"4861","5.40","1"
"4869","50.58","1"
"4872","603.22","1"
"4874","2804.17","1"
"4877","12.60","1"
"4884","33.37","1"
"4898","153.43","1"
"4907","4.62","1"
"4917","1.90","1"
"4921","275.78","1"
"4927","39.97","1"
"4939","346.87","1"
"4946","22.57","1"
"4958","1449.23","1"
"4969","5.18","1"
"4972","48.22","1"
"4991","946.77","1"
"5010","1009.40","1"
"5018","31.50","1"
"5028","819.18","1"
"5036","964.15","1"
"5058","16.95","1"
"5063","0.10","1"
"5064","671.83","1"
"5070","181.57","1"
"5071","315.32","1"
"5076","353.97","1"
"5080","1892.32","1"
"5088","0.78","1"
"5098","281.53","1"
"5104","253.40","1"
"5109","3.72","1"
"5111","34.85","1"
"5130","875.08","1"
"5136","13.90","1"
"5143","73.52","1"
"5153","59.78","1"
"5155","54.60","1"
"5203","227.05","1"
"5212","610.98","1"
"5221","23.72","1"
"5223","585.87","1"
"5227","0.33","1"
"5262","426.52","1"
"5274","22.08","1"
"5279","139.42","1"
"5286","226.60","1"
"5299","265.10","1"
"5309","710.53","1"
"5321","2855.15","1"
"5323","264.28","1"
"5325","166.50","1"
"5334","11.48","1"
"5336","589.03","1"
"5340","485.50","1"
"5358","14.98","1"
"5373","244.58","1"
"5380","0.87","1"
"5382","569.27","1"
"5385","334.88","1"
"5389","46.83","1"
"5391","357.55","1"
"5392","12.32","1"
"5424","14.40","1"
"5427","54.42","1"
"5434","461.15","1"
"5450","19.77","1"
"5453","1559.02","1"
"5502","244.83","1"
"5511","0.07","1"
"5515","14.27","1"
"5543","975.42","1"
"5567","762.35","1"
"5574","9.08","1"
"5577","252.53","1"
"5578","16.02","1"
"5579","9.47","1"
"5589","146.52","1"
"5591","6.35","1"
"5598","28.13","1"
"5601","245.80","1"
"5612","173.05","1"
"5632","112.48","1"
"5633","2118.77","1"
"5638","19.27","1"
"5644","0.07","1"
"5663","27.60","1"
"5671","29.20","1"
"5676","6.62","1"
"5686","136.97","1"
"5687","48.30","1"
"5704","0.65","1"
"5707","117.47","1"
"5716","4.53","1"
"5717","327.33","1"
"5720","2622.95","1"
"5734","315.63","1"
"5739","150.18","1"
"5774","271.32","1"
"5782","297.85","1"
"5791","0.42","1"
"5836","1903.12","1"
"5884","164.32","1"
"5939","17.73","1"
"5955","111.03","1"
"5971","53.93","1"
"5974","1017.97","1"
"5996","61.93","1"
"6010","3968.32","1"
"6011","178.20","1"
"6027","24.15","1"
"6030","385.35","1"
"6034","0.08","1"
"6043","163.53","1"
"6070","163.47","1"
"6096","410.02","1"
"6110","578.72","1"
"6125","1164.38","1"
"6129","194.10","1"
"6159","253.15","1"
"6164","184.83","1"
"6174","5.67","1"
"6218","14.73","1"
"6227","235.62","1"
"6239","48.48","1"
"6252","409.82","1"
"6253","283.95","1"
"6261","0.18","1"
"6278","2181.32","1"
"6312","489.53","1"
"6331","55.35","1"
"6363","62.00","1"
"6367","157.07","1"
"6379","211.42","1"
"6394","332.57","1"
"6395","348.22","1"
"6408","367.77","1"
"6409","169.73","1"
"6418","42.45","1"
"6421","660.63","1"
"6433","254.18","1"
"6451","12.20","1"
"6464","203.88","1"
"6488","1468.62","1"
"6503","8.23","1"
"6505","124.85","1"
"6530","604.63","1"
"6542","128.68","1"
"6559","621.73","1"
"6560","20.82","1"
"6569","4.35","1"
"6580","26.72","1"
"6589","619.78","1"
"6599","33.67","1"
"6616","1512.77","1"
"6618","123.22","1"
"6627","24.85","1"
"6643","541.98","1"
"6659","189.13","1"
"6665","24.35","1"
"6667","11.43","1"
"6681","8.45","1"
"6685","523.63","1"
"6698","35.13","1"
"6739","2509.40","1"
"6743","23.97","1"
"6745","86.80","1"
"6757","71.00","1"
"6773","18.03","1"
"6787","315.15","1"
"6791","261.13","1"
"6801","22.25","1"
"6814","27.43","1"
"6817","13.50","1"
"6819","631.93","1"
"6824","307.50","1"
"6836","33.53","1"
"6862","224.52","1"
"6867","9.08","1"
"6869","39.75","1"
"6871","14.23","1"
"6884","1509.07","1"
"6885","1486.92","1"
"6888","58.65","1"
"6890","353.12","1"
"6921","2346.40","1"
"6924","268.05","1"
"6932","205.20","1"
"6939","0.43","1"
"6940","35.90","1"
"6944","15.43","1"
"6950","981.93","1"
"6958","384.82","1"
"6965","75.87","1"
"6971","44.85","1"
"6976","2811.33","1"
"6982","55.45","1"
"6997","164.48","1"
"7008","1.60","1"
"7013","121.65","1"
"7015","0.17","1"
"7021","31.60","1"
"7034","467.03","1"
"7037","2.20","1"
"7069","17.90","1"
"7071","1382.28","1"
"7076","3.00","1"
"7081","30.45","1"
"7086","1399.13","1"
"7094","1.30","1"
"7096","133.17","1"
"7100","117.25","1"
"7115","17.33","1"
"7122","126.50","1"
"7127","231.30","1"
"7128","592.88","1"
"7129","8.62","1"
"7133","483.70","1"
"7155","147.48","1"
"7163","790.15","1"
"7169","32.10","1"
"7178","104.03","1"
"7179","8.50","1"
"7212","25.83","1"
"7217","2.58","1"
"7224","78.63","1"
"7231","570.33","1"
"7232","176.87","1"
"7242","106.23","1"
"7244","689.05","1"
"7245","231.60","1"
"7246","379.25","1"
"7250","90.32","1"
"7254","363.28","1"
"7275","3.43","1"
"7282","98.90","1"
"7291","7.72","1"
"7294","150.67","1"
"7306","132.30","1"
"7307","231.68","1"
"7310","32.13","1"
"7343","985.05","1"
"7349","1270.92","1"
"7355","0.37","1"
"7358","172.77","1"
"7365","648.78","1"
"7373","17.98","1"
"7382","1019.08","1"
"7386","70.03","1"
"7404","14.57","1"
"7406","7.55","1"
"7412","1992.47","1"
"7439","16465.75","1"
"7443","14.83","1"
"7452","9.15","1"
"7474","2.72","1"
"7475","652.45","1"
"7482","110.27","1"
"7483","1.85","1"
"7487","681.27","1"
"7495","57.30","1"
"7502","134.38","1"
"7503","44.88","1"
"7521","59.25","1"
"7524","36.63","1"
"7540","518.17","1"
"7548","47.17","1"
"7561","890.02","1"
"7568","687.63","1"
"7583","712.57","1"
"7606","14.70","1"
"7612","898.53","1"
"7620","159.78","1"
"7631","22.93","1"
"7645","288.75","1"
"7676","0.05","1"
"7687","2416.87","1"
"7724","24.10","1"
"7726","73.70","1"
"7735","0.10","1"
"7742","213.22","1"
"7752","70.65","1"
"7782","135.65","1"
"7790","1.38","1"
"7819","5.98","1"
"7861","1918.87","1"
"7863","2.32","1"
"7873","196.88","1"
"7889","1.15","1"
"7898","65.87","1"
"7908","701.17","1"
"7934","65.93","1"
"7962","32.77","1"
"7975","601.13","1"
"7987","3.35","1"
"8005","1456.05","1"
"8010","481.08","1"
"8018","566.10","1"
"8030","208.50","1"
"8053","34.40","1"
"8057","55.60","1"
"8059","118.43","1"
"8068","111.55","1"
"8095","777.45","1"
"8107","0.95","1"
"8133","317.30","1"
"8156","8.92","1"
"8183","40.32","1"
"8223","389.90","1"
"8260","7.03","1"
"8380","667.08","1"
"8412","593.02","1"
"8425","23.95","1"
"8437","774.47","1"
"8444","7.43","1"
"8452","167.18","1"
"8495","565.35","1"
"8519","27.17","1"
"8538","31.78","1"
"8539","199.15","1"
"8544","418.45","1"
"8555","94.05","1"
"8567","3.73","1"
"8591","148.60","1"
"8594","1450.45","1"
"8600","224.93","1"
"8679","1.03","1"
"8716","5.08","1"
"8734","238.45","1"
"8758","454.72","1"
"8773","22.30","1"
"8779","0.30","1"
"8797","33.98","1"
"8798","10.07","1"
"8825","0.22","1"
"8840","417.13","1"
"8855","2046.03","1"
"8868","669.30","1"
"8873","11.37","1"
"8912","291.22","1"
"8924","569.08","1"
"8937","42.82","1"
"8950","5.43","1"
"8952","26.35","1"
"8954","7.38","1"
"8964","20.70","1"
"9000","350.48","1"
"9021","159.27","1"
"9027","187.10","1"
"9098","4.62","1"
"9100","211.07","1"
"9101","1.02","1"
"9107","805.72","1"
"9108","787.40","1"
"9112","8.93","1"
"9114","145.40","1"
"9178","327.90","1"
"9188","169.60","1"
"9231","144.58","1"
"9252","0.73","1"
"9260","2.08","1"
"9303","6.30","1"
"9305","1183.63","1"
"9334","68.37","1"
"9336","5.47","1"
"9354","7.95","1"
"9372","316.70","1"
"9409","1753.13","1"
"9429","1638.52","1"
"9465","511.00","1"
"9478","42.53","1"
"9513","28.85","1"
"9521","0.07","1"
"9544","0.40","1"
"9560","103.72","1"
"9571","325.10","1"
"9598","457.38","1"
"9612","46.48","1"
"9653","639.82","1"
"9703","408.58","1"
"9708","98.57","1"
"9736","675.77","1"
"9746","317.72","1"
"9754","702.77","1"
"9793","1071.82","1"
"9794","127.95","1"
"9803","274.00","1"
"9856","493.82","1"
"9876","0.12","1"
"9882","112.43","1"
"9952","23.73","1"
"9985","50.92","1"
"9989","15.47","1"
"10002","62.32","1"
"10029","7.05","1"
"10057","13.35","1"
"10078","16.63","1"
"10103","8.75","1"
"10131","131.92","1"
"10158","347.70","1"
"10218","16.73","1"
"10272","43.90","1"
"10276","114.22","1"
"10288","385.67","1"
"10337","4.60","1"
"10365","126.75","1"
"10390","44.20","1"
"10393","709.27","1"
"10398","178.83","1"
"10422","871.98","1"
"10595","19.17","1"
"10608","6.05","1"
"10662","2.93","1"
"10685","151.32","1"
"10690","83.85","1"
"10748","1591.38","1"
"10791","37.93","1"
"10839","855.28","1"
"10938","9.80","1"
"11002","42.97","1"
"11026","75.42","1"
"11082","6.85","1"
"11124","56.92","1"
"11209","642.95","1"
"11215","41.48","1"
"11227","313.13","1"
"11311","566.57","1"
"11325","454.72","1"
"11365","358.82","1"
"11402","0.12","1"
"11489","68.90","1"
"11504","0.45","1"
"11538","0.10","1"
"11583","155.85","1"
"11604","1117.05","1"
"11607","93.55","1"
"11628","35.23","1"
"11644","27.22","1"
"11711","47.42","1"
"11735","431.28","1"
"11739","5.95","1"
"11748","87.23","1"
"11793","10.48","1"
"11800","107.35","1"
"11808","106.72","1"
"11812","0.25","1"
"11856","4814.08","1"
"11879","2540.88","1"
"11937","5.38","1"
"11996","0.10","1"
"12043","23.58","1"
"12073","36.52","1"
"12127","12.98","1"
"12146","6.62","1"
"12160","1565.98","1"
"12207","60.88","1"
"12222","625.15","1"
"12234","11.37","1"
"12241","140.93","1"
"12270","0.95","1"
"12279","200.98","1"
"12284","423.00","1"
"12330","71.55","1"
"12385","139.68","1"
"12442","134.97","1"
"12508","718.97","1"
"12530","4.55","1"
"12532","481.90","1"
"12534","58.78","1"
"12551","272.80","1"
"12589","234.95","1"
"12610","256.95","1"
"12644","0.95","1"
"12704","12.58","1"
"12735","217.38","1"
"12751","65.12","1"
"12761","309.87","1"
"12771","88.27","1"
"12797","5.02","1"
"12802","111.33","1"
"12808","3.08","1"
"12811","0.38","1"
"12816","82.33","1"
"12820","116.70","1"
"12857","229.50","1"
"12868","12.22","1"
"12971","36.55","1"
"12989","883.03","1"
"13043","110.05","1"
"13076","259.97","1"
"13079","1392.70","1"
"13114","18.50","1"
"13132","485.15","1"
"13134","15.22","1"
"13169","2.02","1"
"13179","143.47","1"
"13180","355.45","1"
"13388","6389.28","1"
"13463","48.28","1"
"13501","86.15","1"
"13510","168.22","1"
"13538","140.22","1"
"13566","12.87","1"
"13620","1262.15","1"
"13644","161.93","1"
"13807","30.33","1"
"13902","28.37","1"
"13960","19.53","1"
"14217","0.77","1"
"14425","12.00","1"
"14463","11.55","1"
"14470","8.45","1"
"14629","121.73","1"
"14633","82.92","1"
"14649","51.07","1"
"14700","1657.05","1"
"14735","387.70","1"
"14765","1032.55","1"
"14905","67.33","1"
"14915","960.07","1"
"14953","38.83","1"
"15110","0.12","1"
"15179","2.62","1"
"15334","19.90","1"
"15345","291.53","1"
"15472","392.07","1"
"15736","487.15","1"
"15743","87.13","1"
"16043","245.65","1"
"16052","634.83","1"
"16118","1387.87","1"
"16414","275.65","1"
"16417","0.07","1"
"16450","339.38","1"
"16473","0.73","1"
"16632","862.42","1"
"16725","787.18","1"
"16728","201.93","1"
"16825","0.27","1"
"16832","10.82","1"
"16863","10.92","1"
"16991","1490.52","1"
"17159","166.88","1"
"17419","702.63","1"
"17524","146.22","1"
"17859","16.10","1"
"17943","7.00","1"
"18314","4.20","1"
"18319","309.37","1"
"18360","582.57","1"
"18510","4.73","1"
"18678","174.03","1"
"18692","243.10","1"
"18719","118.62","1"
"18722","121.03","1"
"18865","0.18","1"
"18954","686.15","1"
"19005","340.22","1"
"19053","16.23","1"
"19074","39.13","1"
"19150","133.37","1"
"19178","27.17","1"
"19268","70.33","1"
"19347","14.23","1"
"19562","925.37","1"
"19636","21.10","1"
"19692","117.28","1"
"19821","132.02","1"
"19845","2.63","1"
"19954","919.23","1"
"19969","3.40","1"
"20556","0.17","1"
"20733","265.40","1"
"21801","2.20","1"
"22195","1.68","1"
"22351","0.23","1"
"22476","146.33","1"
"22533","529.53","1"
"22653","0.08","1"
"23287","0.47","1"
"23526","1.02","1"
"23708","539.58","1"
"24006","819.83","1"
"24423","1237.73","1"
"24451","112.48","1"
"24924","281.55","1"
"25057","412.98","1"
"25156","376.07","1"
"25211","765.03","1"
"25521","5.82","1"
"25863","93.03","1"
"25992","23.58","1"
"26922","2.42","1"
"26933","386.95","1"
"26958","177.08","1"
"27104","187.73","1"
"27576","392.03","1"
"30427","6.55","1"
"30439","0.08","1"
"31588","4.55","1"
"32237","449.73","1"
"32560","5.20","1"
"32669","67.03","1"
"33796","176.83","1"
"33916","2.85","1"
"34049","14.30","1"
"34081","1.93","1"
"34981","0.43","1"
"35147","18.37","1"
"37860","948.52","1"
"41451","105.42","1"
"41613","328.77","1"
"42675","1730.20","1"
"42928","235.80","1"
"44291","375.53","1"
"44965","319.33","1"
"52075","0.32","1"
"58539","24.05","1"
"62735","32.80","1"
"70008","146.88","1"
"111643","23.27","1"
"113546","6.48","1"
"115084","6.43","1"
"120374","475.57","1"
"123732","26.37","1"
"134788","55.10","1"
"135372","45.77","1"
"136313","1.20","1"
"141064","119.30","1"
"142411","22.40","1"
"142965","12.48","1"
"143012","90.20","1"
"143026","40.60","1"
"143038","753.02","1"
"143148","40.77","1"
"143216","1016.55","1"
"143289","32.33","1"
"143327","37.22","1"
"143392","305.67","1"
"143407","58.50","1"
"143444","63.50","1"
"143454","9.42","1"
"143466","27.97","1"
"143489","0.77","1"
"143514","49.90","1"
"143519","9.47","1"
"143523","747.35","1"
"143527","1147.55","1"
"143536","7.28","1"
"143561","2309.33","1"
"143597","6.05","1"
"143599","92.85","1"
"143643","524.80","1"
"143691","22.23","1"
"143693","48.10","1"
"143701","1023.33","1"
"143711","45.50","1"
"143746","325.00","1"
"143770","167.87","1"
"143777","64.72","1"
"143781","1128.48","1"
"143797","505.35","1"
"143799","4.87","1"
"143801","105.22","1"
"143853","636.70","1"
"143920","31.23","1"
"143992","2.30","1"
"144083","72.95","1"
"144087","0.08","1"
"144090","1.95","1"
"144119","2.25","1"
"144126","461.62","1"
"144164","990.52","1"
"144220","39.83","1"
"144230","21.52","1"
"144239","96.67","1"
"144240","215.55","1"
"144273","21.68","1"
"144293","1112.95","1"
"144305","394.15","1"
"144343","242.28","1"
"144348","863.88","1"
"144378","1433.03","1"
"144381","315.87","1"
"144384","147.50","1"
"144387","71.88","1"
"144390","0.92","1"
"144395","533.00","1"
"144400","543.53","1"
"144403","290.00","1"
"144444","65.95","1"
"144467","62.25","1"
"144492","211.95","1"
"144556","405.68","1"
"144565","612.32","1"
"144575","5852.50","1"
"144599","79.45","1"
"144627","764.53","1"
"144644","101.50","1"
"144681","281.95","1"
"144707","357.07","1"
"144713","7.65","1"
"144749","1022.48","1"
"144764","432.85","1"
"144786","868.28","1"
"144788","1657.02","1"
"144789","73.33","1"
"144843","2245.80","1"
"144869","1545.38","1"
"144873","146.52","1"
"144874","522.83","1"
"144900","623.22","1"
"144907","0.72","1"
"144912","102.23","1"
"144929","550.20","1"
"144939","744.08","1"
"144956","115.90","1"
"144987","237.87","1"
"145013","697.02","1"
"145050","504.75","1"
"145089","494.50","1"
"145091","640.22","1"
"145135","884.43","1"
"145167","256.18","1"
"145179","18.63","1"
"145183","184.28","1"
"145185","148.35","1"
"145190","5.45","1"
"145196","45.02","1"
"145230","6.97","1"
"145231","39.27","1"
"145235","24.30","1"
"145240","759.15","1"
"145258","350.23","1"
"145278","155.33","1"
"145281","141.47","1"
"145290","2202.12","1"
"145308","237.77","1"
"145310","41.42","1"
"145344","8.60","1"
"145345","137.27","1"
"145349","390.95","1"
"145353","486.95","1"
"145370","1101.90","1"
"145386","412.33","1"
"145399","0.05","1"
"145464","68.45","1"
"145477","115.23","1"
"145484","138.58","1"
"145560","260.48","1"
"145628","0.35","1"
"145672","1811.25","1"
"145681","1569.63","1"
"145684","1.88","1"
"145730","1962.43","1"
"145747","37.10","1"
"145751","53.10","1"
"145754","8.83","1"
"145762","609.87","1"
"145768","822.85","1"
"145773","2.68","1"
"145774","28.05","1"
"145792","105.37","1"
"145793","359.13","1"
"145795","931.72","1"
"145796","800.58","1"
"145813","405.67","1"
"145821","259.73","1"
"145822","3.28","1"
"145834","1104.47","1"
"145842","0.15","1"
"145853","94.30","1"
"145868","280.47","1"
"145877","107.25","1"
"145899","374.92","1"
"145903","1.48","1"
"145905","2743.35","1"
"145915","2810.63","1"
"145944","341.98","1"
"145954","636.57","1"
"145957","19.13","1"
"145965","926.43","1"
"145993","743.62","1"
"146015","977.52","1"
"146021","442.57","1"
"146030","151.27","1"
"146036","72.13","1"
"146051","20.02","1"
"146068","42.85","1"
"146133","391.80","1"
"146144","83.57","1"
"146145","31.12","1"
"146172","600.25","1"
"146189","192.72","1"
"146201","1247.50","1"
"146224","664.47","1"
"146249","25.37","1"
"146252","177.80","1"
"146308","310.38","1"
"146339","1147.05","1"
"146352","817.13","1"
"146367","801.77","1"
"146384","25.48","1"
"146397","1456.53","1"
"146419","0.23","1"
"146424","456.38","1"
"146427","527.28","1"
"146429","0.25","1"
"146457","460.25","1"
"146479","1360.68","1"
"146485","431.97","1"
"146487","119.35","1"
"146514","708.00","1"
"146518","493.05","1"
"146526","341.00","1"
"146536","372.93","1"
"146542","54.88","1"
"146551","90.03","1"
"146552","0.43","1"
"146555","2.12","1"
"146568","9.67","1"
"146625","74.23","1"
"146730","76.65","1"
"146734","19.18","1"
"146760","38.85","1"
"146767","440.23","1"
"146772","39.27","1"
"146788","1534.88","1"
"146799","162.60","1"
"146801","756.57","1"
"146807","223.90","1"
"146821","302.12","1"
"146851","353.88","1"
"146853","29.53","1"
"146855","373.40","1"
"146859","215.18","1"
"146865","68.70","1"
"146866","952.30","1"
"146872","958.22","1"
"146880","66.53","1"
"146888","189.90","1"
"146891","941.95","1"
"146897","130.90","1"
"146907","54.15","1"
"146908","159.07","1"
"146914","276.08","1"
"146932","37.77","1"
"146937","76.37","1"
"146940","0.17","1"
"146948","323.38","1"
"146957","83.03","1"
"146958","633.97","1"
"146960","448.60","1"
"146964","282.77","1"
"146976","413.65","1"
"146977","462.52","1"
"146991","193.72","1"
"147005","602.43","1"
"147013","112.90","1"
"147015","700.97","1"
"147025","23.12","1"
"147043","438.03","1"
"147044","5.00","1"
"147045","1181.87","1"
"147047","499.78","1"
"147053","33.00","1"
"147054","4551.37","1"
"147057","347.85","1"
"147059","155.47","1"
"147061","1032.00","1"
"147062","37.82","1"
"147066","224.63","1"
"147076","87.92","1"
"147087","1221.50","1"
"147102","426.80","1"
"147111","17.32","1"
"147132","357.92","1"
"147136","420.23","1"
"147143","875.20","1"
"147146","182.83","1"
"147148","547.43","1"
"147149","266.07","1"
"147150","175.10","1"
"147152","69.62","1"
"147158","499.15","1"
"147161","140.32","1"
"147169","540.97","1"
"147178","60.95","1"
"147180","445.78","1"
"147181","18.15","1"
"147197","549.80","1"
"147217","662.72","1"
"147231","285.45","1"
"147236","1482.80","1"
"147249","36.48","1"
"147259","0.35","1"
"147290","246.97","1"
"147291","15.82","1"
"147317","350.10","1"
"147319","54.57","1"
"147323","33.13","1"
"147356","681.65","1"
"147359","33.35","1"
"147368","96.73","1"
"147405","491.32","1"
"147430","642.07","1"
"147444","163.90","1"
"147446","682.82","1"
"147447","219.18","1"
"147448","984.85","1"
"147449","233.15","1"
"147460","71.88","1"
"147473","2614.48","1"
"147479","1163.55","1"
"147506","193.87","1"
"147515","13.05","1"
"147526","327.18","1"
"147530","334.00","1"
"147542","124.83","1"
"147546","273.40","1"
"147550","40.12","1"
"147555","464.37","1"
"147576","1254.07","1"
"147579","65.32","1"
"147591","80.08","1"
"147593","795.88","1"
"147600","540.73","1"
"147603","6462.03","1"
"147604","1919.33","1"
"147612","260.88","1"
"147618","1690.65","1"
"147625","16.27","1"
"1266","227.62","1"
"3272","139.33","1"
"5649","208.67","1"
"6165","143.95","1"
"6548","2072.47","1"
"7101","680.80","1"
"7437","762.12","1"
"7649","156.18","1"
"11802","0.13","1"
"12473","143.57","1"
"12781","906.67","1"
"13474","71.20","1"
"13707","91.33","1"
"14967","7.90","1"
"17317","7.32","1"
"21793","19.57","1"
"32973","37.80","1"
"38977","245.07","1"
"40867","142.23","1"
"41336","1463.23","1"
"71758","101.90","1"
"142934","5570.52","1"
"143923","0.35","1"
"144208","79.18","1"
"145569","650.70","1"
"146480","168.80","1"
"146498","1200.85","1"
"146608","695.60","1"
"146990","180.33","1"
"147142","394.98","1"
"147183","315.47","1"
"147269","335.50","1"
"147338","1507.50","1"
"147568","0.95","1"
"147801","30.95","1"
"148194","856.13","1"
"148228","2.70","1"
"148263","333.37","1"
"148297","65.18","1"
"148346","773.17","1"
"148356","59.10","1"
"148497","1504.05","1"
"148531","236.07","1"
"148577","103.48","1"
"148584","494.60","1"
"148618","19.83","1"
"148643","214.72","1"
"148667","1370.88","1"
"148669","246.68","1"
"148777","116.33","1"
"148778","79.48","1"
"148785","1440.65","1"
"148812","21.17","1"
"148814","179.98","1"
"148854","5.70","1"
"148901","1553.70","1"
"148933","1039.57","1"
"149037","51.63","1"
"149064","1130.32","1"
"149122","623.75","1"
"149125","926.82","1"
"149131","399.33","1"
"149135","552.77","1"
"149218","2919.62","1"
"149474","239.02","1"
"149548","394.38","1"
"149566","1002.73","1"
"149617","214.38","1"
"149633","230.92","1"
"149652","1176.87","1"
"149763","1111.60","1"
"149951","275.83","1"
"150061","2558.00","1"
"150147","114.27","1"
"150354","9622.40","1"
"150462","6.90","1"
"150678","311.35","1"
"150861","444.35","1"
"150981","176.55","1"
"151153","100.20","1"
"151404","2932.42","1"
"151418","36.05","1"
"151494","0.20","1"
"151574","7.12","1"
"151886","1188.72","1"
"151962","371.32","1"
"152068","78.62","1"
"152177","2860.92","1"
"152232","420.40","1"
"152249","48.47","1"
"152253","355.27","1"
"152267","317.12","1"
"152360","107.70","1"
"152429","1186.98","1"
"152502","197.30","1"
"152533","105.93","1"
"152659","888.05","1"
"152766","228.57","1"
"152811","1030.28","1"
"152896","687.78","1"
"153773","198.67","1"
"153895","261.20","1"
"153897","27.92","1"
"153938","418.58","1"
"153953","1216.38","1"
"153972","2834.28","1"
"154046","571.18","1"
"154092","1563.80","1"
"154320","274.73","1"
"154460","0.05","1"
"154509","656.42","1"
"154576","419.92","1"
"154600","415.22","1"
"154656","345.20","1"
"154674","831.40","1"
"155301","185.67","1"
"155912","270.17","1"
"155918","509.05","1"
"155924","873.98","1"
"155961","38.90","1"
"155973","635.02","1"
"155987","159.82","1"
"155992","353.88","1"
"156057","967.88","1"
"156152","9.43","1"
"156182","877.47","1"
"156219","914.37","1"
"156240","1590.80","1"
"156241","968.35","1"
"156251","153.07","1"
"156293","347.15","1"
"156318","14.70","1"
"156323","2.10","1"
"156344","852.22","1"
"156348","614.47","1"
"156389","103.57","1"
"156399","767.97","1"
"156409","709.43","1"
"156431","25.12","1"
"156446","415.77","1"
"156484","1146.18","1"
"156487","250.82","1"
"156494","2.73","1"
"156501","27.75","1"
"156512","246.50","1"
"156549","88.53","1"
"156551","12.22","1"
"156564","30.07","1"
"156604","0.83","1"
"156631","197.17","1"
"156680","308.80","1"
"156686","932.75","1"
"156694","520.53","1"
"156696","12.78","1"
"156699","4760.63","1"
"156719","168.42","1"
"156743","124.52","1"
"156775","451.88","1"
"156787","260.62","1"
"156843","465.70","1"
"156845","1489.97","1"
"156896","1257.48","1"
"156905","352.15","1"
"156975","39.40","1"
"157039","324.60","1"
"157115","2446.62","1"
"157146","91.62","1"
"157171","43.83","1"
"157184","132.50","1"
"157248","426.32","1"
"157272","13.15","1"
"157277","1884.22","1"
"157377","107.57","1"
"157536","21.97","1"
"157578","62.05","1"
"157686","41.13","1"
"157786","178.00","1"
"157904","615.23","1"
"157916","67.57","1"
"157933","332.08","1"
"158049","416.72","1"
"158179","891.52","1"
"158466","111.17","1"
"1875","848.48","1"
"3364","380.43","1"
"3643","2644.53","1"
"3936","299.78","1"
"5075","575.22","1"
"5744","119.47","1"
"12809","56.13","1"
"14714","238.10","1"
"15416","5.65","1"
"19124","1868.85","1"
"20120","674.35","1"
"25047","388.97","1"
"52866","22.78","1"
"58007","159.67","1"
"59138","416.63","1"
"98559","415.07","1"
"115657","524.55","1"
"137389","1402.35","1"
"137893","756.37","1"
"139185","14.83","1"
"145873","1793.88","1"
"146149","938.25","1"
"146578","632.40","1"
"146909","139.73","1"
"147159","2.70","1"
"147258","1454.27","1"
"147305","54.95","1"
"147346","106.38","1"
"147687","3761.35","1"
"147733","599.62","1"
"147773","2950.62","1"
"147903","659.67","1"
"147959","510.50","1"
"148002","403.03","1"
"148222","1671.95","1"
"148272","1124.07","1"
"148326","839.10","1"
"148330","613.42","1"
"148412","50.68","1"
"148420","57.80","1"
"148488","882.98","1"
"148601","0.30","1"
"148685","37.68","1"
"148715","546.62","1"
"148793","1350.33","1"
"148927","735.15","1"
"148948","292.47","1"
"149023","184.00","1"
"149038","147.77","1"
"149044","204.07","1"
"149290","6.85","1"
"149500","814.02","1"
"149546","8.70","1"
"149576","12945.82","1"
"149584","347.55","1"
"149690","126.78","1"
"149870","5687.55","1"
"150015","62.18","1"
"150288","105.82","1"
"150582","905.27","1"
"150663","956.22","1"
"150854","679.33","1"
"150864","408.98","1"
"150949","5249.05","1"
"151082","1.60","1"
"151113","2906.62","1"
"151188","657.50","1"
"151197","5.80","1"
"151212","5044.20","1"
"151287","3.97","1"
"151559","13.65","1"
"151643","450.82","1"
"151694","3491.48","1"
"151765","950.40","1"
"151829","87.68","1"
"151950","438.70","1"
"151952","24.12","1"
"151988","241.13","1"
"152353","710.22","1"
"152611","1410.13","1"
"152692","1490.65","1"
"152884","333.22","1"
"152978","177.65","1"
"153050","946.63","1"
"153103","1209.37","1"
"153388","79.75","1"
"153526","949.75","1"
"153700","194.98","1"
"153934","373.17","1"
"153956","201.83","1"
"153971","4.92","1"
"153974","231.35","1"
"154171","887.10","1"
"154181","1424.18","1"
"154378","709.18","1"
"154458","534.00","1"
"154508","360.97","1"
"154921","35.22","1"
"154995","259.18","1"
"155034","1058.55","1"
"155037","425.55","1"
"155073","178.07","1"
"155087","11.42","1"
"155096","309.78","1"
"155116","90.92","1"
"155427","1523.08","1"
"155431","250.58","1"
"155456","878.15","1"
"155741","342.28","1"
"155744","141.73","1"
"155747","54.37","1"
"155816","0.07","1"
"155926","69.53","1"
"156043","4609.43","1"
"156077","100.02","1"
"156078","190.70","1"
"156171","154.95","1"
"156194","5.82","1"
"156206","3087.27","1"
"156226","129.37","1"
"156271","121.75","1"
"156274","29.02","1"
"156276","597.68","1"
"156324","1417.85","1"
"156343","191.27","1"
"156391","191.92","1"
"156400","53.50","1"
"156439","102.27","1"
"156441","311.60","1"
"156461","698.67","1"
"156519","405.88","1"
"156547","876.27","1"
"156568","4.25","1"
"156582","189.60","1"
"156584","259.03","1"
"156587","353.38","1"
"156588","40.52","1"
"156605","80.63","1"
"156610","1243.95","1"
"156615","27.75","1"
"156619","9.98","1"
"156649","2343.28","1"
"156656","829.48","1"
"156674","525.92","1"
"156687","72.38","1"
"156691","178.42","1"
"156703","165.52","1"
"156708","20.15","1"
"156727","70.43","1"
"156757","496.35","1"
"156776","1558.35","1"
"156831","1088.13","1"
"156841","328.82","1"
"156844","652.75","1"
"157134","163.95","1"
"157202","147.75","1"
"157218","447.92","1"
"157465","234.17","1"
"157525","2.62","1"
"157653","70.92","1"
"157698","778.37","1"
"157841","211.62","1"
"157853","440.35","1"
"157915","52.88","1"
"157934","88.55","1"
"157977","174.03","1"
"157988","237.60","1"
"157989","84.18","1"
"157997","516.37","1"
"158038","590.92","1"
"158045","139.23","1"
"158105","47.35","1"
"158119","59.40","1"
"158272","214.20","1"
"158336","480.85","1"
"158376","174.65","1"
"221","469.07","1"
"1211","615.10","1"
"1494","201.93","1"
"2477","54.48","1"
"3366","189.18","1"
"4336","1671.40","1"
"6313","489.62","1"
"6762","494.87","1"
"10299","232.82","1"
"10744","14.55","1"
"13073","1211.17","1"
"13804","0.18","1"
"19665","452.23","1"
"21569","1147.38","1"
"21633","205.27","1"
"22818","4757.57","1"
"55709","0.08","1"
"63369","146.77","1"
"75080","371.20","1"
"86013","5.52","1"
"101613","416.35","1"
"103625","79.07","1"
"143305","37.17","1"
"144426","621.03","1"
"145212","105.85","1"
"145254","408.35","1"
"145285","1885.12","1"
"145502","1503.27","1"
"146052","462.40","1"
"146613","2186.68","1"
"147083","1712.27","1"
"147437","715.17","1"
"147643","94.35","1"
"147676","553.95","1"
"147715","280.00","1"
"147763","240.00","1"
"147804","301.10","1"
"147884","308.77","1"
"147991","38.50","1"
"147993","1307.40","1"
"148054","1271.82","1"
"148103","321.18","1"
"148109","362.20","1"
"148128","72.78","1"
"148329","433.82","1"
"148411","274.38","1"
"148467","632.67","1"
"148486","290.27","1"
"148559","921.53","1"
"148646","389.98","1"
"148712","0.63","1"
"148837","1053.97","1"
"148886","2067.28","1"
"148919","88.30","1"
"148939","3121.57","1"
"149015","2728.23","1"
"149027","3.80","1"
"149123","49.17","1"
"149241","1346.18","1"
"149404","532.35","1"
"149455","352.80","1"
"149494","1429.08","1"
"149547","299.50","1"
"149569","16.18","1"
"149610","200.85","1"
"149636","95.57","1"
"149849","253.43","1"
"149887","554.97","1"
"149892","206.43","1"
"149903","311.12","1"
"149950","399.85","1"
"149960","508.57","1"
"150053","117.30","1"
"150064","845.02","1"
"150076","27.02","1"
"150158","0.12","1"
"150265","556.22","1"
"150664","35.57","1"
"150757","356.68","1"
"150819","1012.68","1"
"150851","74.45","1"
"151037","19.48","1"
"151321","16.48","1"
"151366","297.93","1"
"151402","335.23","1"
"151428","329.15","1"
"151620","466.62","1"
"151709","917.62","1"
"151779","102.10","1"
"151783","298.78","1"
"151849","1071.08","1"
"151892","169.52","1"
"152060","226.73","1"
"152082","37.23","1"
"152109","1411.30","1"
"152123","1844.02","1"
"152140","108.00","1"
"152174","150.43","1"
"152285","1840.33","1"
"152346","456.12","1"
"152369","420.82","1"
"152402","211.57","1"
"152472","2264.00","1"
"152551","42.15","1"
"152826","0.12","1"
"152969","398.15","1"
"152979","593.82","1"
"152999","658.00","1"
"153229","178.55","1"
"153519","1902.13","1"
"153558","1870.82","1"
"153574","301.20","1"
"153726","379.23","1"
"153762","580.75","1"
"153885","299.35","1"
"153931","661.85","1"
"153987","775.28","1"
"154300","228.60","1"
"154491","523.13","1"
"154821","1104.77","1"
"154853","512.77","1"
"155035","351.13","1"
"155459","436.77","1"
"155462","687.27","1"
"155628","440.80","1"
"155845","232.27","1"
"156042","642.08","1"
"156184","671.05","1"
"156211","149.77","1"
"156218","580.92","1"
"156231","394.80","1"
"156234","234.73","1"
"156291","161.65","1"
"156319","365.22","1"
"156325","42.87","1"
"156356","32.40","1"
"156362","102.55","1"
"156406","848.27","1"
"156407","1708.70","1"
"156417","474.30","1"
"156428","455.07","1"
"156467","1557.32","1"
"156498","1126.25","1"
"156510","234.02","1"
"156521","567.97","1"
"156534","1735.07","1"
"156541","373.97","1"
"156543","70.25","1"
"156561","1004.72","1"
"156592","378.27","1"
"156607","70.83","1"
"156647","2355.20","1"
"156695","950.02","1"
"156725","139.38","1"
"156752","121.02","1"
"156753","74.62","1"
"156760","162.25","1"
"156777","0.12","1"
"156778","123.58","1"
"156780","93.60","1"
"156838","66.13","1"
"156901","136.40","1"
"156908","254.92","1"
"156966","351.92","1"
"157012","114.75","1"
"157526","57.03","1"
"157816","903.90","1"
"157882","54.83","1"
"158031","27.70","1"
"158054","346.48","1"
"4097","0.07","1"
"6330","421.88","1"
"6410","78.80","1"
"7197","617.83","1"
"7642","645.48","1"
"9435","193.17","1"
"9812","1289.00","1"
"12033","12.93","1"
"16833","405.27","1"
"19900","54.52","1"
"24434","16.90","1"
"25308","611.98","1"
"29303","1220.87","1"
"37017","230.73","1"
"59292","51.32","1"
"71149","1055.73","1"
"102023","995.93","1"
"111107","821.58","1"
"143958","41.95","1"
"144638","39.57","1"
"144682","662.22","1"
"145867","197.88","1"
"146049","220.87","1"
"146185","44.33","1"
"146906","9.83","1"
"147200","483.02","1"
"147385","952.58","1"
"147388","181.52","1"
"147441","34.57","1"
"147666","8.92","1"
"147732","0.07","1"
"147737","521.13","1"
"147755","569.00","1"
"147876","703.22","1"
"147906","475.65","1"
"147951","3360.55","1"
"148049","249.72","1"
"148053","0.73","1"
"148089","7.30","1"
"148094","305.85","1"
"148126","431.75","1"
"148134","788.32","1"
"148257","1984.30","1"
"148265","1205.18","1"
"148280","24.30","1"
"148339","81.68","1"
"148344","69.87","1"
"148372","225.20","1"
"148455","418.28","1"
"148527","1286.95","1"
"148670","123.48","1"
"148758","34.50","1"
"148786","4745.38","1"
"148787","132.97","1"
"148799","7500.48","1"
"148817","1026.95","1"
"148825","4565.98","1"
"148882","17.40","1"
"148996","95.75","1"
"149049","162.45","1"
"149109","366.50","1"
"149195","2299.22","1"
"149197","67.70","1"
"149253","22.73","1"
"149260","422.13","1"
"149303","647.88","1"
"149361","110.53","1"
"149402","509.32","1"
"149515","77.45","1"
"149554","111.08","1"
"149577","680.83","1"
"149591","881.67","1"
"149770","547.88","1"
"149812","2035.57","1"
"149815","829.72","1"
"149844","26.00","1"
"149946","250.32","1"
"150052","106.12","1"
"150059","400.67","1"
"150090","1499.27","1"
"150094","33.17","1"
"150127","16.62","1"
"150269","207.45","1"
"150733","111.55","1"
"150890","1075.35","1"
"151156","659.42","1"
"151171","218.77","1"
"151313","733.40","1"
"151638","437.35","1"
"151663","201.82","1"
"151759","482.98","1"
"151811","652.23","1"
"151861","4.50","1"
"151879","518.10","1"
"151953","682.60","1"
"151981","964.77","1"
"152006","31.00","1"
"152033","54.40","1"
"152141","221.48","1"
"152265","2077.53","1"
"152336","326.48","1"
"152421","64.75","1"
"152601","307.05","1"
"152825","26.63","1"
"152855","238.50","1"
"152970","893.12","1"
"153091","675.25","1"
"153223","1326.68","1"
"153255","1329.48","1"
"153351","1002.78","1"
"153379","0.98","1"
"153478","488.78","1"
"153509","1740.48","1"
"153741","917.05","1"
"154050","246.15","1"
"154108","150.52","1"
"154128","29.75","1"
"154133","130.73","1"
"154143","228.67","1"
"154556","1415.35","1"
"154559","62.87","1"
"154713","36.83","1"
"154750","417.25","1"
"155280","369.22","1"
"155444","891.17","1"
"155466","505.05","1"
"155494","194.12","1"
"155621","1586.85","1"
"155694","306.13","1"
"155712","92.13","1"
"155805","212.45","1"
"155897","97.67","1"
"156080","96.02","1"
"156132","44.73","1"
"156159","603.38","1"
"156167","880.03","1"
"156180","19.18","1"
"156191","39.43","1"
"156250","154.87","1"
"156253","397.47","1"
"156257","795.08","1"
"156296","180.57","1"
"156360","465.18","1"
"156388","354.90","1"
"156427","502.03","1"
"156429","76.18","1"
"156444","23.25","1"
"156464","181.88","1"
"156482","460.35","1"
"156504","189.40","1"
"156608","440.18","1"
"156612","157.78","1"
"156661","38.33","1"
"156693","634.48","1"
"156716","527.73","1"
"156748","335.43","1"
"156770","283.82","1"
"156772","121.07","1"
"156774","69.07","1"
"156822","216.75","1"
"156925","4089.87","1"
"156931","262.98","1"
"156996","2614.22","1"
"157118","190.33","1"
"157198","2434.82","1"
"157232","632.92","1"
"157285","277.12","1"
"157306","63.80","1"
"157313","178.40","1"
"157334","589.83","1"
"157360","641.57","1"
"157419","274.72","1"
"157423","341.95","1"
"157476","594.50","1"
"157600","120.00","1"
"157642","286.55","1"
"157722","194.07","1"
"157777","236.57","1"
"157905","413.43","1"
"157911","466.42","1"
"157913","19.37","1"
"157914","15.57","1"
"157971","905.18","1"
"157974","77.08","1"
"157992","916.27","1"
"158104","176.28","1"
"158205","308.85","1"
"158260","132.95","1"
"158413","19.60","1"
"158482","0.45","1"
"158706","3.02","1"
